<?xml version="1.0" encoding="UTF-8"?>
<beans xmlns="http://www.springframework.org/schema/beans"
	xmlns:xsi="http://www.w3.org/2001/XMLSchema-instance"
	xmlns:mybatis-spring="http://mybatis.org/schema/mybatis-spring"
	xsi:schemaLocation="http://mybatis.org/schema/mybatis-spring http://mybatis.org/schema/mybatis-spring-1.2.xsd
		http://www.springframework.org/schema/beans https://www.springframework.org/schema/beans/spring-beans.xsd">
	
	<!-- Root Context: defines shared resources visible to all other web components -->
			   <!-- 히카리 커넥션풀 빈 등록 -->
   <bean id="hikariConfig" class="com.zaxxer.hikari.HikariConfig">
      <property name="driverClassName" value="oracle.jdbc.driver.OracleDriver" />
      <property name="jdbcUrl" value="jdbc:oracle:thin:@localhost:1521:xe" />
      <property name="username" value="java" />
      <property name="password" value="1234" />
   </bean>   
   <!-- 히카리 데이터소스 빈 등록 -->   
   <bean id="ds" class="com.zaxxer.hikari.HikariDataSource">
      <constructor-arg ref="hikariConfig"/>
   </bean>
   
   <!-- 데이터소스 마이바티스에 등록 및 xml 위치 설정 -->
   <bean id="sqlSessionFactory" class="org.mybatis.spring.SqlSessionFactoryBean">
      <property name="dataSource" ref="ds"/>
      <property name="mapperLocations" value="classpath:/mappers/**/*Mapper.xml"/>
   </bean>
   <!-- 마이바티스 xml파일과 dao빈 연결 -->
   <mybatis-spring:scan base-package="com.care.root.mybatis"/> 
</beans>
