<?xml version="1.0" encoding="UTF-8"?>
<beans:beans xmlns="http://www.springframework.org/schema/mvc"
	xmlns:xsi="http://www.w3.org/2001/XMLSchema-instance"
	xmlns:beans="http://www.springframework.org/schema/beans"
	xmlns:context="http://www.springframework.org/schema/context"
	xsi:schemaLocation="http://www.springframework.org/schema/mvc https://www.springframework.org/schema/mvc/spring-mvc.xsd
		http://www.springframework.org/schema/beans https://www.springframework.org/schema/beans/spring-beans.xsd
		http://www.springframework.org/schema/context https://www.springframework.org/schema/context/spring-context.xsd">

	<!-- DispatcherServlet 설정 내용 -->
	
	<!-- @Controller어노테이션을 자동으로 빈으로 등록해준다 -->
	<annotation-driven />

	<!-- 
		정적파일(css, img, js)들의 경로를 설정해준다.
		webapp/resources의 경로다
	 -->
	<resources mapping="/resources/**" location="/resources/" />

	<!-- 컨트롤러가 리턴으로 돌려준 문자를 'prefix+컨트롤러 리턴문자+suffix' 로 만들어서 전달 -->
	<beans:bean class="org.springframework.web.servlet.view.InternalResourceViewResolver">
		<beans:property name="prefix" value="/WEB-INF/views/" />
		<beans:property name="suffix" value=".jsp" />
	</beans:bean>
	
	<!-- 어노테이션이 붙어있는 것들을 빈으로 등록해준다 -->
	<context:component-scan base-package="com.care.root" />
	<context:component-scan base-package="com.care.get_post" />
										 
	<beans:bean id="memberS" class="com.care.root.MemberService"/>
	
</beans:beans>









