<?xml version="1.0" encoding="UTF-8"?>
<!DOCTYPE mapper
  PUBLIC "-//mybatis.org//DTD Mapper 3.0//EN"
  "http://mybatis.org/dtd/mybatis-3-mapper.dtd">
<mapper namespace="com.care.root.mybatis.board.BoardMapper">
	<resultMap type="com.care.root.board.dto.BoardDTO" id="board">
		<id property="writeNo" column="write_no"/>
		<result property="title" column="title"/>
		<result property="content" column="content"/>
		<result property="saveDate" column="savedate"/>
		<result property="hit" column="hit"/>
		<result property="imageFileName" column="image_file_name"/>
		<result property="id" column="id"/>
	</resultMap>
	
	<select id="selectAllBoardList">
		select * from mvc_board
	</select>

</mapper>