<?xml version="1.0" encoding="UTF-8"?>
<!DOCTYPE mapper
  PUBLIC "-//mybatis.org//DTD Mapper 3.0//EN"
  "http://mybatis.org/dtd/mybatis-3-mapper.dtd">
<mapper namespace="com.care.root.mybatis.member.MemberMapper">
	<resultMap id="member" type="com.care.root.member.dto.MemberDTO" >
		<id property="id" column="id"/>
		<result property="pw" column="pw"/>
		<result property="addr" column="addr"/>
		<result property="limitTime" column="limit_time"/>
		<result property="sessionId" column="session_id"/>
	</resultMap>
	
	<select id="userCheck" resultMap="member">
		select * from membership where id=#{id}
	</select>
	<select id="memberInfo" resultMap="member">
		select * from membership
	</select>
	
	<insert id="register">
		insert into membership(id, pw, addr) values(#{id}, #{pw}, #{addr})
	</insert>
	
	<update id="keepLogin">
		update membership set session_id=#{sessionId}, 
				limit_time=#{limitDate} where id=#{id}
	</update>
	
	<select id="getUserSessionId" resultMap="member">
		select * from membership where session_id = #{sessionId}
	</select>
</mapper>










